Name,Education
Jeff Bezos,3
Elon Musk,3
Bernard Arnault & family,3
Bill Gates,2
Mark Zuckerberg,2
Warren Buffett,4
Larry Ellison,2
Larry Page,4
Sergey Brin,4
Mukesh Ambani,3
Amancio Ortega,
Francoise Bettencourt Meyers & family,
Zhong Shanshan,
Steve Ballmer,3
Ma Huateng,3
Carlos Slim Helu & family,3
Alice Walton,3
Jim Walton,3
Rob Walton,5
Michael Bloomberg,4
Colin Zheng Huang,4
MacKenzie Scott,3
Daniel Gilbert,3
Gautam Adani & family,
Phil Knight & family,4
Jack Ma,3
Charles Koch,3
Julia Koch & family,
Masayoshi Son,3
Michael Dell,2
Tadashi Yanai & family,3
François Pinault & family,0
David Thomson & family,4
Beate Heister & Karl Albrecht Jr.,
Wang Wei,
Miriam Adelson,3
He Xiangjian,
Dieter Schwarz,
Zhang Yiming,3
Giovanni Ferrero,
Alain Wertheimer,
Gerard Wertheimer,
Li Ka-shing,0
Qin Yinglin & family,
William Lei Ding,3
Len Blavatnik,4
Lee Shau Kee,
Jacqueline Mars,3
John Mars,3
Yang Huiyan & family,3
Alexey Mordashov & family,3
Robin Zeng,5
Hui Ka Yan,3
Susanne Klatten,4
Vladimir Potanin,3
Dietrich Mateschitz,4
Pang Kang,
Klaus-Michael Kuehne,
Vladimir Lisin,5
Wang Xing,4
German Larrea Mota Velasco & family,
Leonardo Del Vecchio & family,
Takemitsu Takizaki,
Leonard Lauder,3
Thomas Peterffy,2
Vagit Alekperov,3
Leonid Mikhelson,3
Jim Simons,3
Jiang Rensheng & family,3
Gina Rinehart,
Rupert Murdoch & family,3
Shiv Nadar,3
Zhang Zhidong,3
Iris Fontbona & family,
Lei Jun,3
Zhang Yong,
Richard Qiangdong Liu,3
Gennady Timchenko,3
Stephen Schwarzman,4
Goh Cheng Liang,
Stefan Quandt,3
Li Xiting,3
Pierre Omidyar,3
Stefan Persson,3
Abigail Johnson,4
R. Budi Hartono,
Andrew Forrest,3
Ray Dalio,4
Michael Hartono,
Li Shufu,4
Zhong Huijuan,4
Xu Hang,4
Lui Che Woo & family,
Emmanuel Besnier,
Laurene Powell Jobs & family,4
Eric Schmidt,3
Sun Piaoyang,3
"Theo Albrecht, Jr. & family",
Alisher Usmanov,4
Robert Pera,3
Wu Yajun,3
Fan Hongwei & family,
Dhanin Chearavanont,
Peter Woo,4
Chen Bang,4
Andrey Melnichenko,4
Dustin Moskovitz,2
Su Hua,3
Donald Newhouse,2
Petr Kellner,3
Lee Man Tat,
Pavel Durov,4
James Ratcliffe,
Jorge Paulo Lemann & family,3
Reinhold Wuerth & family,
Charlene de Carvalho-Heineken & family,3
Radhakishan Damani,
Wang Chuanfu,4
Steve Cohen,3
Ken Griffin,3
Chen Zhiping,4
"Ernest Garcia, II.",3
Uday Kotak,3
Carl Icahn,3
Suleiman Kerimov & family,3
"Thomas Frist, Jr. & family",3
Lukas Walton,3
Mikhail Fridman,3
Wei Jianjun & family,3
Zuo Hui,
Zhou Qunfei & family,
Donald Bren,3
Hinduja brothers,
Lakshmi Mittal,3
Georg Schaeffler,
Eric Yuan & family,4
Wang Jianlin,3
Kwong Siu-hing,
Robin Li,3
Pallonji Mistry,
Eduardo Saverin,3
Roman Abramovich,3
David Tepper,4
Gong Hongjia & family,3
Mike Cannon-Brookes,3
"John Menard, Jr.",3
Seo Jung-jin,3
Cheng Yixiao,
Liang Wengen,3
Scott Farquhar,3
Finn Rausing,
Jorn Rausing,
Kirsten Rausing,
Brian Chesky,3
Joseph Lau,
David Duffield,3
Charoen Sirivadhanabhakdi,
Kim Jung-ju,5
Robert & Philip Ng,
Zhang Bangxin,4
Anders Holch Povlsen,
Wang Wenyin,
Wang Liping & family,
Tatyana Bakalchuk,3
Michael Platt,3
Huang Shilin,3
Ricardo Salinas Pliego & family,4
Kumar Birla,4
Dang Yanbao,4
Cyrus Poonawalla,3
Robert Kuok,3
Hank & Doug Meijer,
Jack Dorsey,2
Lu Zhongfang,
Ma Jianrong & family,
Zhang Tao,
Nathan Blecharczyk,3
John Doerr,4
Joe Gebbia,3
Forrest Li,3
Yu Renrong,3
Liu Yonghao & family,
Gordon Moore,5
Jeff Yass,3
Bobby Murphy,3
Patrick Drahi,
Jensen Huang,
Alexander Otto,4
Cen Junda,5
Joseph Tsai,3
Aliko Dangote,3
Marcel Herrmann Telles,3
Mikhail Prokhorov,3
Jorge Moll Filho & family,4
Viktor Rashnikov,3
Harry Triguboff,3
Leonid Fedun & family,4
Eyal Ofer,
Evan Spiegel,3
Luis Carlos Sarmiento,3
Andreas Struengmann & family,5
Thomas Struengmann & family,4
Rodolphe Saadé & family,3
Dilip Shanghvi,3
Tom & Judy Love,
Anthony Pratt,3
Wang Laisheng,
Gianluigi & Rafaela Aponte,
Wang Laichun,4
Chen Jianhua,3
Leng Youbin,3
Charles Schwab,4
Li Zhenguo & family,
Sunil Mittal & family,3
Melker Schorling & family,4
Cai Kui,3
John Fredriksen,
Qi Shi & family,4
"Chase Coleman, III.",3
Hui Wing Mau,4
"Edward Johnson, III.",3
Liu Hanyuan,3
Larry Xiangdong Chen,5
Philip Anschutz,3
Dietmar Hopp & family,4
German Khan,3
Li Ge,5
Jay Chaudhry,
Eric Wittouck,
Carl Cook,3
Jan Koum,2
"Herbert Kohler, Jr. & family",3
Tobi Lutke,
James Dyson,
Mat Ishbia,3
Savitri Jindal & family,
Friedhelm Loh,
Iskander Makhmudov,3
Stefano Pessina,3
Quek Leng Chan,3
Israel Englander,3
Charles Ergen,3
Jim Pattison,
Yao Liangsong,
David Geffen,2
Yeung Kin-man,
Ding Shizhong & family,4
Harold Hamm & family,1
Jim Kennedy,3
Blair Parry-Okeden,3
Ding Shijia,
Kim Beom-su,3
Ian & Richard Livingstone,
Sun Hongbin,4
Alberto Bailleres Gonzalez & family,
Lam Wai-ying,
Massimiliana Landini Aleotti & family,
Lu Xiangyang,
Wolfgang Marguerre & family,
David Sun,3
John Tu,3
Guillaume Pousaz,
Viktor Vekselberg,3
Jerry Jones,3
Michael Otto,5
Steven Rales,4
Sarath Ratanavadi,3
Tse Ping,
Chan Tan Ching-fen,
David Cheriton,3
Xavier Niel,
August von Finck,
Zong Qinghou,
Benu Gopal Bangur,3
Sam Bankman-Fried,3
Cheng Xue,
Graeme Hart,
Kjeld Kirk Kristiansen,3
Sofie Kirk Kristiansen,
Thomas Kirk Kristiansen,
Lin Bin,4
Liu Jincheng & family,5
Shigenobu Nagamori,
Carlos Alberto Sicupira & family,3
Agnete Kirk Thinggaard,
Anthony von Mandl,3
Xu Shihui,
Ernesto Bertarelli,3
Leon Black,3
Azim Premji,3
Andrei Skoch & family,3
George Soros,3
Zheng Shuliang & family,
Marc Benioff,3
Kuldip Singh & Gurbachan Singh Dhingra,3
Ann Walton Kroenke,3
Bubba Cathy,3
Dan Cathy,3
Jay Y. Lee,4
Pan Dong,4
Hasso Plattner & family,4
Nassef Sawiris,3
Kushal Pal Singh,3
Stanley Kroenke,4
Niels Peter Louis-Hansen,
Alain Merieux & family,
Andreas von Bechtolsheim & family,4
Diane Hendricks,1
Shahid Khan,3
Nicky Oppenheimer & family,3
Anthony Bamford & family,3
Andrew Beal,2
Dmitry Bukhman,4
Igor Bukhman,4
Takahisa Takahara,
Kei Hoi Pang,
Alexei Kuzmichev,3
John Malone,5
Marijke Mars,3
Pamela Mars,3
Valerie Mars,4
Victoria Mars,4
Giorgio Armani,2
Frederik Paulsen,
David Reuben,
Simon Reuben,2
Alexander Abramov,3
Rinat Akhmetov,3
Silvio Berlusconi & family,5
John Grayken,4
David Green & family,1
George Roberts,3
Zhao Yan,4
Nancy Walton Laurie,3
Pei Zhenhua,
Ruan Liping,
Ruan Xueping,
Patrick Soon-Shiong,4
Antonia Ax:son Johnson & family,4
"Ernest Garcia, III.",3
George Lucas,3
Vicky Safra,
Zhang Jindong,3
Laurent Dassault,3
Thierry Dassault,
Marie-Hélène Habert,4
Henry Kravis,3
Lai Meisong,
Sandra Ortega Mera,
Pham Nhat Vuong,
David Shaw,5
Rocco Commisso,3
Michael Kadoorie,
Bernard Marcus,3
Manuel Villar,
Christy Walton,
Wang Zhenhua,4
Carl Bennet,4
Rahel Blocher,
Johann Graf,
Ralph Lauren,2
Li Hua,
Magdalena Martullo-Blocher,
Stewart and Lynda Resnick,
Johann Rupert & family,
Safra siblings,
Anthony Wood,3
Gang Ye,3
Igor Altushkin,3
Bajaj brothers,
Juan Francisco Beckmann Vidal & family,
Alexandre Behring,4
Vincent Bolloré & family,3
Gustaf Douglas,4
Terry Gou,3
"Paul Tudor Jones, II.",3
Richard Kinder,3
Ludwig Merckle,
Stephen Ross,4
Eli Broad,3
Jim Davis & family,3
Guo Guangchang,3
Robert Kraft,3
Murali Divi & family,
Huang Chulong,
Li Jianquan & family,
Shi Yonghong & family,
Wee Cho Yaw,
Erich Wesjohann & family,
Aloys Wobben,3
Micky Arison,2
Jean-Michel Besnier,
Marie Besnier Beauvalot,
Kwon Hyuk-bin,3
Li Haiyan,
Fredrik Lundberg,3
Hiroshi Mikitani,4
Dmitry Rybolovlev,5
Reinhold Schmieding,3
Francis Choi,
Bruce Kovner,3
Wang Wenjing,3
Zeng Fangqin,
Brian Armstrong,3
Chu Mang Yee & family,
Denise Coates,
Gopikishan Damani,
James Goodnight,3
Antti Herlin,
Liu Yongxing,
Sri Prakash Lohia,3
John Overdeck,3
Prajogo Pangestu,
Horst Julius Pudwill,4
David Siegel,2
Ronda Stryker,3
Georg Stumpf,
Pauline MacMillan Keinath,
Wang Yusuo & family,3
Dennis Washington,1
Rahul Bajaj,4
Ashwin Dani & family,3
Andreas Halvorsen,4
Andrei Kozitsyn,3
Axel Oberwelland,
Shi Yuzhu,4
Tsai Eng-meng,
Murat Ulker,3
Wang Junlin,
Wang Ning & family,
You Xiaoping,
Arthur Blank,3
James Chambers,3
Jiang Bin,3
Jason Jiang,3
Mitchell Rales,3
Katharine Rayner,
Margaretta Taylor,
Stef Wertheimer & family,
Mike Adenuga,4
Charles Dolan & family,2
Marcos Galperin,4
Huang Li,4
Law Kar Po,
Li Wa,3
Idan Ofer,
Qian Dongqi & family,4
Odd Reitan & family,
Henry Samueli,3
Les Wexner & family,3
Dannine Avara,
Juergen Blickle,
Robert Brockman,3
Mong-Koo Chung,3
Dulce Pugliese de Godoy Bueno,5
Daniel Dines,3
Scott Duncan,3
Judy Faulkner,3
Guenther Fielmann & family,
Milane Frantz,4
Frits Goldschmeding,5
Andrei Guriev & family,4
Jane Lauder,3
Martin Lorentzon,
Isaac Perlmutter,
Jeff Skoll,4
Robert F. Smith,4
John A. Sobrato & family,3
Ronald Wanek,1
Randa Duncan Williams,3
Hansjoerg Wyss,4
Chen Fashu,3
Chen Rui,
Christopher Hohn,4
Lin Jianhua & family,
Maria Asuncion Aramburuzabala & family,3
Chan Laiwa & family,5
George Kaiser,3
Ananda Krishnan,4
Douglas Leone,4
Li Chunan,
Li Ping,
William Li,
Augusto & Giorgio Perfetti,
Meg Whitman,4
Neil Bluhm,5
Andrew Currie,3
Tom Gores,3
Michel Leclercq & family,
Michael Moritz,3
Nicolas Puech,
John Reece,3
Emanuele (Lino) Saputo & family,1
Fred Smith,
Teh Hong Piow,3
Rene Benko,
Jack Dangermond,3
Stanley Druckenmiller,3
Tamara Gustavson,3
Jian Jun,4
Kwee brothers,
Clive Calder,
Hasmukh Chudgar & family,
Dagmar Dolby & family,3
Dong Wei,
Ken Fisher,3
Ivan Glasenberg,4
He Xiaopeng,
Sumet Jiaravanon,
Karel Komarek,3
Ronald Lauder,3
Mu Rongjun,3
J. Christopher Reyes,3
Jude Reyes,3
Kjell Inge Rokke,
"Edward Roski, Jr.",3
Alexandra Schoerghuber,
Shu Ping,
Christoph Zeller,
An Kang,3
Rainer Blickle,
Jaran Chiaravanont,
Alceu Elias Feldmann,
Montri Jiaravanont,
"Henry Nicholas, III.",3
Terrence Pegula,3
Carrie Perrodo & family,
Harry Stine,
Pyotr Aven,5
Kapil & Rahul Bhatia,3
Cao Renxian,
Barry Lam,3
Carlos Rodriguez-Pastor,4
Shen Guojun,4
Luiza Helena Trajano,
Yao Zhenhua & family,
Yu Yong,
Sam Zell,3
John Brown,3
Giuseppe De'Longhi & family,3
Frank Lowy,
Joe Mansueto,3
Akio Nitori,
Gary Rollins,3
Ruan Hongliang & family,
Teddy Sagi,
Neil Shen,3
David Velez,4
Wong Man Li,
Robert Bass,4
Pierre Chen,3
Mahendra Choksi & family,3
Gustavo Denegri,
Reed Hastings,3
Michael Herz,
Wolfgang Herz,
Patrick Lee,
Lee Yeow Chor & Yeow Seng,
Theo Mueller,
Wu Guanjiang & family,
Bernard Broermann,4
Jason Chang,3
Joshua Harris,4
Vikram Lal & family,
Lin Xiucheng & family,3
Pankaj Patel,3
"Enrique Razon, Jr.",
"Walter Scott, Jr. & family",3
Charles Simonyi,5
Kate Wang,4
Daniel Ziff,3
Dirk Ziff,3
Robert Ziff,5
Stephen Bisciotti,3
Chen Dongsheng,
Charles B. Johnson,3
Marc Ladreit de Lacharriere,
Joe Lewis,
Lin Li,3
Karen Pritzker,3
Abdulsamad Rabiu,
Mark Scheinberg,2
Howard Schultz,3
Yasumitsu Shigeta,2
Thomas Siebel,3
Peter Thiel,3
Chip Wilson,3
Zhang Fan,
Pierre Bellon & family,
Richard Branson,0
Huang Yi,3
Bidzina Ivanishvili,
"Edward Johnson, IV.",3
Elizabeth Johnson,3
Ted Lerner & family,3
Lin Shu-hong,3
Yuri Milner,3
Issad Rebrab & family,
Thomas Schmidheiny,5
Chairul Tanjung,5
Alan Trefler,3
Radovan Vitek,4
Frank Wang,3
Wang Xicheng & family,
Wang Zhendong,3
"John, Alan & Bruce Wilson",
M.A. Yusuff Ali,
Maria Fernanda Amorim & family,
Dona Bertarelli,
Hong Jie,
Nathan Kirsh,3
Ken Langone,3
Michael Pieper,4
Richard Schulze,1
Eric Smidt,
Tim Sweeney,
Tang Shing-bor,
Oleg Tinkov,3
Mark Walter,3
Wong Luen Hei,
Zhou Bajin,
Patrizio Bertelli,4
Bert Beveridge,3
Martin & Olivier Bouygues,
Chen Lip Keong,5
Dong Fan,3
Daniel Ek,
Tilman Fertitta,2
Luis Frias,
Peter Gassner,3
Vladimir Kim,
Li Weiguo,
Denis O'Brien,4
Miuccia Prada,5
"Robert Rich, Jr.",4
Abhay Vakil & family,3
Paul-Heinz Wesjohann & family,
Ron Baron,3
Andre Esteves,3
Jonathan Gray,3
Hu Baifan,3
Viatcheslav Kantor,5
Min Kao & family,3
Friedrich Knapp,
Richard Li,2
Rudolf Maag,4
Miao Hangen,
Sami Mnaymneh,3
Igor Olenicoff,3
Sergei Popov,3
Thomas Pritzker,3
"Julian Robertson, Jr.",3
Tony Tamer,
Zhu Baoguo & family,3
Shari Arison,2
Orlando Bravo,3
Garrett Camp,4
Nick Caporella,
Mark Cuban,3
Yakir Gabay,
Erman Ilicak,
Gustav Magnar Witzoe,
Michael Minhong Yu,3
Zhang Daocai,
Stéphane Bancel,4
Ralph Dommermuth,
Thomas Hagen,3
Pansy Ho,3
Rakesh Jhunjhunwala,3
Lee Yin Yee,
Eric Lefkofsky,3
Edwin Leong,
Pawan Munjal & family,
Antony Ressler,4
Paul Singer,5
Kerry Stokes,
Steven Udvar-Hazy,3
Takao Yasuda,3
Ye Chenghai & family,3
Alain Bouchard,
Rick Caruso,5
Scott Cook,4
Barry Diller,2
Traudl Engelhorn & family,
Fang Wei,
Fu Liquan & family,3
Luca Garavoglia,3
Tom Golisano,3
Peter Hargreaves,
Bertil Hult,
Ray Lee Hunt,3
James Irving,
Martin Lau,4
Li Li,3
Liu Fangyi,
Luo Liguo & family,
Pan Laican,
Juan Roig,
Leonard Stern,4
Thomas Straumann,
Wang Yanqing & family,
Ken Xie,4
Xue Hua,3
Steven Meng Yang & family,3
Margot Birmingham Perot,3
David Bonderman,5
Matthew Calkins,3
Cho Tak Wong,
Piero Ferrari,
Dan Friedkin,3
Laurence Graff & family,
Martin Haefner,
Hong Ra-hee,3
Ji Qi,
"Rupert Johnson, Jr.",3
Daniel Kretinsky,4
William Lauder,
Janice McNair,3
John Morris,3
Gabe Newell,2
Katharina Otto-Bernstein,
Julio Ponce Lerou,
Jon Stryker,3
Suh Kyung-bae,4
Xu Jingren,
Samuel Yin,3
Walter P.J. Droege,
Du Jiangtao & family,4
Vinod & Anil Rai Gupta,
Masatoshi Ito,
Igor Kesaev,3
Koon Poh Keong,3
Paul Xiaoming Lee & family,4
Li Xiang,
Melissa Ma,
Kiran Mazu5ar-Shaw,3
Gwendolyn Sontheim Meyer,
Akira Mori & family,
Georg Nemetschek & family,
Masahiro Noda,3
Ajay Piramal,3
Qiu Guanghe & family,
Trevor Rees-Jones,3
Ira Rennert,3
Marc Rowan,3
Ugur Sahin,
Michal Solowow,
Udo & Harald Tschira,
Wu Jianshu,
Ye Xiaoping,5
Zhou Hongyi,4
Che Jianxing,
Beatriz Davila de Santo Domingo,
Rafael Del Pino,4
Du Weimin,4
Rakesh Gangwal,3
Paul Gauselmann & family,
Jeff Greene,4
Johnelle Hunt,2
Jin Baofang,3
Kuan Kam Hon & family,
"Stephen Mandel, Jr.",3
Gilles Martin,3
Masahiro Miki,3
Dan Olsson,
Robert Rowling,5
Erik Selin,
Mark Shoen,
Ben Silbermann,3
Maximilian Viessmann,
Wang Linpeng,
Wu Zhigang & family,
Yi Zheng,3
Zhang Wenzhong,
Euisun Chung,3
Daniel D'Aniello,4
Oleg Deripaska,3
Sergey Dmitriev,4
Feng Hailiang,4
John Gandel,5
Gao Dekang & family,4
Jaime Gilinski Bacal,4
Sergei Gordeev,3
Jeff Green,
"Amos Hostetter, Jr.",3
Kuok Khoon Hong,
Lai Jianping,
Aerin Lauder,3
Hans Georg Naeder,
Maren Otto,
Clive Palmer,
Karsanbhai Patel,
Qiu Jianping & family,4
Wolfgang Reimann,
Matthias Reimann-Andersen,
Stefan Reimann-Andersen,
Renate Reimann-Haas,
Dirk Rossmann & family,
Shaul Shani,
Song Fei,
Donald Sterling,3
Ivar Tollefsen,
Don Vultaggio & family,1
Nusli Wadia,
Zhang Jin,4
Zhu Gongshan,
Peter Gilgan,
Marian Ilitch,1
Kong Jian Min,3
Li Liangbin,
Li Yongxin & family,3
Mary Alice Dorrance Malone,3
Michael Milken,3
Ronald Perelman,3
Candido Pinheiro Koren de Lima,
J. Joe Ricketts & family,3
Paolo & Gianfelice Mario Rocca,"Certificate, Harvard Business School"
Jeff Rothschild,3
David Rubenstein,3
Maria-Elisabeth Schaeffler-Thumann,
Steven Spielberg,3
Barry Sternlicht,3
Mark Stevens,4
David Steward,3
Vincent Viola,5
Todd Wanek,
Wang Roger,3
Russ Weiner,3
Herbert Wertheim,3
Xu Shugen,
Anil Agarwal & family,
Majid Al Futtaim & family,
Leonid Boguslavsky,4
"Austen Cargill, II.",5
"James Cargill, II.",
Chu Lam Yiu,
Steve Conine,3
Hu Kaijun,
S. Curtis Johnson,3
Helen Johnson-Leipold,3
Daryl Katz,3
Peter Kellogg,3
Samuel Tak Lee,4
Li Hongxin & family,
Marianne Liebmann,3
Winifred J. Marquart,2
Daniel Och,3
Anthony Pritzker,3
Rodger Riney & family,3
Niraj Shah,3
Lynsi Snyder,
Jerzy Starak,
Michael Tojner,4
Richard Tsai,4
Ty Warner,2
Yang Shaopeng,
Yuan Liping,
Zhang Hongwei,3
Andrej Babis,4
Shyam & Hari Bhartia,
Hubert Burda,3
Chuchat Petaumpai & Daonapa Petampai,3
Charles Cohen,5
David Filo,4
Sergei Galitsky,3
Alessandra Garavoglia,3
Franco Bittar Garcia,
Martha Ingram & family,3
H. Fisk Johnson,3
Li Guoqiang,
Lim Wee Chai,4
Liu Xiaodong,
Daniel Loeb,3
Jim McKelvey,3
Apoorva Mehta,3
N.R. Narayana Murthy,4
John Paulson,4
J.B. Pritzker,3
Michael Rubin,2
Arnout Schuijff,
Thomas Secunda,3
Vivek Chaand Sehgal,3
E. Joe Shoen,4
Leena Tewari,4
Julia Thiele-Schuerhoff,
Romesh T. Wadhwani,5
Wu Shaoxun,
Ye Guofu,
Denise York & family,
Zhou Jianping,
Mohed Altrad,
Gayle Benson,
Francesco Gaetano Caltagirone,
"William Conway, Jr.",3
Jim Davis,3
Deng Wen,
Ennio Doris & family,1
Bernard Ecclestone & family,
Alexander Frolov,5
Fiona Geminder,3
Zarakh Iliev,
Viktor Kharitonin,3
Steven Klinsky,4
Chris Larsen,3
Angela Leong,1
Margarita Louis-Dreyfus & family,
John Middleton,3
Arnon Milchan,
Arturo Moreno,3
God Nisanov,3
Benjamin Zhengmin Pan & family,3
Jay Paul,3
Remo Ruffini,
Patrick Ryan,3
RJ Scaringe,
Lynn Schusterman,2
Eric Ya Shen,
Daniel Tsai,4
Tung Chee Chen,4
Bulat Utemuratov,
Frank VanderSloot,3
Kelcy Warren,3
Xu Yi,
Vladimir Yevtushenkov,3
Somphote Ahunai,4
John Arnold,3
Neal Blue & family,3
Alejandro Bulgheroni,
Dong Jinggui,
Joseph Edelman,4
Charles Edelstenne,
Senapathy Gopalakrishnan,4
B. Wayne Hughes,3
Ravi Jaipuria,
Samvel Karapetyan,3
Vyacheslav Kim,
Jim Koch,3
"Andre Koo, Sr.",4
Yuri Kovalchuk,5
Richard LeFrak & family,3
Kevin David Lehmann,
Horst Paulmann & family,
Jean (Gigi) Pritzker,3
Qi Xiangdong,4
Renzo Rosso & family,
Stephen Rubin,
"Bernard Saul, II.",3
Klaus-Peter Schulenberg,
Tahir & family,4
Lucio Tan,3
Lottie Tham & family,
Wang Wenxue,
Hans Peter Wild,
"William Wrigley, Jr.",3
Zhang Xin & Pan Shiyi,4
Giuliana Benetton,
Luciano Benetton,
Tomasz Biernacki,
Chey Tae-won,3
John Collison,2
Patrick Collison,2
Jack Cowin,3
Archie Aldis Emmerson & family,1
Yoichi & Keiko Erikawa,
Juan Carlos Escotet,4
Carlo Fidani,
Don Hankey,3
Otto Happel,
He Zhaoxi,3
Heidi Horten,
Ke Zunhong & family,
Thai Lee,3
Mikhail Lomtadze,4
Ronald McAulay,4
Maja Oeri,
James Packer,
John Sall,3
Naguib Sawiris,3
Zygmunt Solorz-Zak,
Lawrence Stroll,
Rita Tong Liu,
Tsai Cheng-ta,3
Tsai Hong-tu,5
Steve Wynn,3
Zhang Li,
Otto Philipp Braun,
John Caudwell,
Chi Yufeng,
Camilla de Godoy Bueno Grossi,
Antonio Del Valle Ruiz & family,
Martin Ebner,5
John Fisher,3
Jane Goldman,
Gu Yuhua & family,
Hao Hong,
Hoi Kin Hong,
Jin Lei,
Artem Khachatryan,4
Li Gaiteng,
Li Zhongchu,3
Harald Link,
Sergey Lomakin,4
Nie Tengyun & family,
Prasert Prasarttong-Osoth,
Penny Pritzker,3
Herb Simon,3
Jerry Speyer,4
Wilhelm Beier & family,
Koos Bekker,4
Ben Chestnut,3
John Coates,
Pedro de Godoy Bueno,
Carl Douglas,3
Eric Douglas,3
Behdad Eghbali,
Jose E. Feliciano,
Philippe Foriel-Destezet,4
Gan Zhongru,5
Allan Goldman,
Amy Goldman Fowler,
Alec Gores,3
Peter Grogg,
Jimmy Haslam,3
Christian Haub,
Gudrun Heine,
Huang Jinfeng,
Huang Rulun,
James Irsay,3
Justin Ishbia,3
Diane Kemper,
George Kurtz,3
Dan Kurzius,
Kwek Leng Beng,3
Geoffrey Kwok,3
Sheldon Lavin,
Louis Le Duff,
James Leprino,
Joseph Liemandt,2
Peter Lim,
Jeffrey Lurie,5
Tom Morris,
Or Wai Sheun,
P.V. Ramprasad Reddy,
Haim Saban,1
Ferit Faik Sahenk,3
Eddy Kusnadi Sariaatmadja,3
Gil Shwed,
Song Zuowen,
Friede Springer,
Sybill Storz,
Pat Stryker,2
Hans Sy,3
Herbert Sy,3
Andrew Tan,3
Tian Ming,
Wang Changtian,3
Richard White,
Cameron Winklevoss,3
Tyler Winklevoss,3
Xia Zuoquan,
Yin Xin,
Zhang Lei,3
Zhu Xingming,
Juan Abello,
Ben Ashkenazy,2
Sid Bass,4
Joesley Batista,
Wesley Batista,
Riley Bechtel & family,5
Sanjeev Bikhchandani,4
Cao Ji,
Chen Kaixuan,
Bennett Dorrance,3
Marcel Erni,
Walter Faria,
Fu Guangming & family,
Bob Gaglardi,3
Alfred Gantner,
Maggie Hardy Knox,2
Hu Yangzhong,
Huang Qiaoling,
Huang Zhenda & family,
Bradley Jacobs,
Osman Kibar,3
Kim Taek-jin,3
Maritsa Lazari & family,
Pablo Legorreta,3
Liang Yunchao,4
Samir Mehta,
Sudhir Mehta,
Farhad Moshiri,3
Patrice Motsepe,
Matt Moulding,3
Alexander Nesis,3
Benjamin Otto,
Lucy Peng,3
Sebastian Piñera & family,5
Alexander Ponomarenko,4
Chandru Raheja,3
Chad Richison,3
Arkady Rotenberg,3
Alejandro Santo Domingo,3
Paul Sciarra,3
Alexander Skorobogatko,4
Jeff Sutton,3
Glen Taylor,3
Urs Wietlisbach,
Xu Yingzhuo,
Jon Yarbrough,3
Ye Fan & family,
William Ackman,4
Abdulla bin Ahmad Al Ghurair & family,
Bai Baokun,
David Baszucki,
Aneel Bhusri,3
Norman Braman,3
Eva Maria Bucher-Haefner,
Vivek Chand Burman,3
John Catsimatidis,2
Morris Chang,3
Chen Hua,
Chen Huwen,
Chen Huxiong,
Chen Tianshi,
James Clark,3
Jean Coutu & family,
Deng Weiming & family,
Bergit Douglas,
Doris Fisher,3
Gary Friedman,2
Valentin Gapontsev & family,3
David Gottesman,4
John Henry,
Alan Howard,4
Micky Jagtiani,
Travis Kalanick,2
Alicia Koplowitz,
Timur Kulibaev,3
Dinara Kulibaeva,5
Li Liufa & family,4
Li Sze Lim,3
Li Xiaohua & family,4
Liu Ming Hui,4
Lv Jianming,
Rudy Ma,4
"Drayton McLane, Jr.",3
Hans Melchers,
Nguyen Thi Phuong Thao,
Philip Niarchos,
Alfred Oetker,
August Oetker,
Carl Ferdinand Oetker,
Christian Oetker,
Julia Oetker,
Richard Oetker,
Heloise Pratt,
Filiz Sahenk,
T. Denny Sanford,3
Karin Schick,
Hilton Schlosberg,
Rosely Schweizer,
Warren Stephens,4
Konstantin Strukov,4
Kenneth Tuchman,
Masateru Uno & family,
Stefan von Holtzbrinck,3
Lars Wingefors,
Wong Kwong Yu & family,
Xiong Wu,
Xu Jinfu,
Tony Xu,4
Xu Zhihan,
Zhong Ruonong & family,
Miriam Baumann-Blocher,
Timothy Boyle,3
John Paul DeJoria,1
Mitchell Goldhar,3
Luciano Hang,
Georg Haub,
Victor Jacobsson,4
James Jannard,2
Vinod Khosla,4
Valentin Kipyatkov,4
Lim Kok Thay,3
Lu Zhiqiang,4
Sergio Mantegazza,
Franziska Wuerbser & Gabriella Meister,
Nan Cunhui,
Ou Zongrong & family,
Sean Parker,1
Richard Peery,3
"H. Ross Perot, Jr.",3
Su Suyu & family,
Sun Shoukuan,
Harley Sy,3
"Henry Sy, Jr.",3
Teresita Sy-Coson,3
Tao Yuequn,
Tong Jinquan,
Tsai Ming-kai,3
Yitzhak Tshuva,
Oprah Winfrey,3
Zhang Wanzhen,
Mortimer Zuckerman,4
Brian Acton,3
Rajendra Agarwal,
John Armitage,
Banwari Lal Bawri,
Girdhari Lal Bawri,
Guilherme Benchimol,3
Cai Dongchen,4
Choo Chong Ngen,
Abilio dos Santos Diniz,3
"John Dorrance, III.",
Bruce Flatt,3
Stein Erik Hagen,
Caroline Hagen Kjos,
Hortensia Herrero,
Anthony Hsieh,3
Hal Jackman,
Brad Kelley,2
Raj Kumar & Kishin RK,
Adam Kwok,4
Lai Shixian,
Stephen Lansdown,
K.C. Liu,3
Aloke Lohia,
Kalanithi Maran,4
C. Dean Metropoulos,3
Yuji Otsuka,
Daniel Pritzker,5
Ren Jianhua,
Alexey Repik,4
Steven Sarowitz,3
Yuri Shefler,3
Shum Chiu Hung & family,4
Stephen Smith,3
Dan Snyder,2
Helmut Sohmen,5
Tung Chee Hwa,3
Pieter van der Does,
Wim van der Leegte,
Evan Williams,2
Wu Guangming,4
Yang Yuanxi,
Yu Qibing & family,
Charles Zegar,3
Zhaojiang Zhu,
John Arrillaga,3
Carol Jenkins Barnett,3
William Berkley,4
Markus Blocher,
Andrei Bokarev,3
Jim Breyer,4
Charles Bronfman,3
Byju Raveendran and Divya Gokulnath,
Chang Jing,
Leon G. Cooperman,4
Jose Luis Cutrale,
Gerald Ford,3
Phillip Frost,3
Mikhail Gutseriev,3
Hans-Werner Hector,4
Hu Kun,
"Jeremy Jacobs, Sr. & family",3
Mark & Robyn Jones,
Hans Langer,
Lee Hae-jin,4
Liang Feng,
Lin Ming-hsiung,
Mohamed Mansour,4
Harsh Mariwala,3
Najib Mikati,3
Taha Mikati,3
Pedro Moreira Salles,3
José Neves,
Jerry Ng,3
Nandan Nilekani,3
Ravi Pillai,
Victor Pinchuk,5
Matthew Prince,4
John Pritzker,3
Rajan Raheja & family,3
Matthias Reinhart,
Ruan Shuilong & family,
Rodney Sacks,4
Carlos Sanchez,
Kavitark Ram Shriram,3
André Street,3
Sun Mengquan & family,
Daniel Sundheim,
Torsten Toeller,
Peter Unger,
Wang Wenmo,
Xie Juhua & family,
Xu Shaochun,
Eddie & Sol Zakay,
Zhao Tao,4
Michael Ashley,
Yvonne Bauer,
Alberto Bombassei,
Richard Chandler,
David Chen,3
Chen Jinxia,3
Chen Xiao Ying,
Chen Xueli,
Kiat Chiaravanont,
Todd Christopher,
Mark Coombs,
Luigi Cremonini & family,
Smita Crishna-Godrej,
Dai Lizhong,4
Eduardo de Pontes,
Chetan Dube,3
Stephen Feinberg,3
Abhay Firodia,
Fu Mingkang & family,
Gao Jifan & family,4
Geng Jianming,4
Sebastian Glaser,
Adi Godrej,3
Jamshyd Godrej,3
Nadir Godrej,4
Philip & Cristina Green,
Lawrence Ho,3
Donald Horton,3
Douglas Hsu,3
Koo Kwang-mo,3
Jonathan Kwok,3
Luo Yangyong & family,
Gail Miller,2
Robert Miller,3
Vadim Moshkovich,3
Erwin Franz Mueller,
Rishad Naoroji,3
Madhukar Parekh,3
Gregorio Perez Companc & family,0
Dmitry Pumpyansky,4
Austin Russell,2
Hussain Sajwani,3
Jean Salata,3
Karin Sartorius-Herbst,
Alice Schwartz,3
Antonio Luiz Seabra,
Shen Wenrong,
Renate Sick-Glaser,
William Stone,3
Elizabeth Sy,3
Tony Tan Caktiong & family,
Tang Jinkui & family,
Roman Trotsenko,4
Donald Trump,3
T.Y. Tsai,4
John Tyson,3
David Wertheim,
Xiong Shaoming,3
Yang Jianliang & family,
Michael Ying,
Zhang Ning & family,
Zhang Zhixiang,5
Zhao Hongfei,
Bill and Jean Adderley & family,
Bill Alfond,
Susan Alfond,
Ted Alfond,
Carlos Ardila Lülle,3
Semahat Sevim Arsel,
Sezai Bacaksiz,
Suhail Bahwan,
Bang Jun-hyuk,
Bang Shi-hyuk,
Anand Burman,3
Cao Longxiang & family,
Vanich Chaiyawan,
Chen Zhisong,3
Jim Coulter,3
"Edward DeBartolo, Jr.",3
Maria Del Pino,3
Deng Yingzhong,
Bob Ell,
Sandeep Engineer,
Fong Yun Wah,
Lindsay Fox,
Mario Germano Giuliani,3
Harsh Goenka,3
Noam Gottesman,3
Joseph Grendys,3
Guan Yihong,
David Hains,3
Michael Hintze,4
Stewart Horejsi & family,
Hua Xuande & family,
Jared Isaacman,3
David Jiang,
Jiang Weiping & family,3
Boris Jordan,
Baba Kalyani,4
Jim Kavanaugh,3
Mustafa Rahmi Koc,3
Eiichi Kuriwada,1
Lai Jianfa,4
Lam Kong,3
David Xueling Li,
Li Xuhui,
Liang Zhaoxian,3
Liu Ming Chung,
Alexander Mamut,3
Daniel Mate,3
Clayton Mathile,3
Aristotelis Mistakidis,3
Fernando Roberto Moreira Salles,3
Joao Moreira Salles,
Walther Moreira Salles Junior,3
Eugene Murtagh,
Nihat Ozdemir,
Gretel Packer,
Andrew Paradise,3
Karl-Johan Persson,3
Tom Persson,
Stewart Rahr,3
Krit Ratanarak,
Michael Saylor,3
"Karl Scheufele, III. & family",
Stephan Schmidheiny,5
Vijay Shekhar Sharma,3
Charlotte Soderstrom,
Sun Huaiqing & family,4
Sze Man Bok,
Katsumi Tada,
Ted Turner,3
Jitendra Virwani,3
Arkady Volozh,4
Lang Walker,1
Wei Ying-Chiao,
Wu Zhongyi,3
Elaine Wynn,3
Xu Chuanhua & family,
Jerry Yang,3
Yang Weidong & family,
Barry Zekelman,2
Zhang Xuezheng,
Zhang Yin,
Kostyantin Zhevago,3
Jose Joao Abdalla Filho,
Abdulla Al Futtaim & family,
Ramon Ang,3
Bill Austin,1
Acharya Balkrishna,
Richard Barton,3
Edward Bass,3
Thor Bjorgolfsson,3
Nikolai Buinov,
Bruce Cheng,3
Chin Jong Hwa,3
Jai Hari & Yadu Hari Dalmia & family,
Dermot Desmond,
K. Dinesh,4
"Frank Fertitta, III.",3
Lorenzo Fertitta,4
Maria Franca Fissolo,
Serge Godin,4
Gu Wei,
Jeffrey Gundlach,3
Guo Jiangang,
Carlos Hank Rhon,3
Gerry Harvey,
Huang Guanlin,3
Huang Wei,3
Hui Lin Chit,
Randal J. Kirk,3
Leo Koguan,4
Miguel Krigsner,
Kwek Leng Kee,
Thomas Kwok,3
Lau Cho Kun,
Jeff Lawson,3
Max Levchin,3
Li Guoqing,
Li Shuirong,
Li Yongqing,
Liang Xinjun,3
Lin Chang Su-O,
Lin Fanlian,
Scott Lin,3
Mao Zhongwu,3
David McMurtry,
Rubens Menin Teixeira de Souza,3
Mi Enhua,
Bob Parsons,3
Catherine Phillips,
John Phillips,4
Arvind Poddar,
Qian Ying,
Phillip T. (Terry) Ragon,3
Alberto Roemmers,
Shashi & Ravi Ruia,
Vlad Shmunis,3
Alberto Siccardi & family,4
Sebastian Siemiatkowski,4
Salil Singhal,
Dean Solon,2
Timothy Springer,5
Peter Spuhler,
Tang Yiu,
Tran Dinh Long,
Anna Katharina Viessmann,
David Walentas,3
Wu Lanlan & family,4
Wu Yiling,5
Xiang Wenbo,4
Xie Liangzhi & family,5
Xu Yuejuan,
Shintaro Yamada,
Yang Jian,
Gavril Yushvaev,
Zhang Jingzhang & family,
Michael Ashcroft,
George Bishop,
Julio Bozano,
Herb Chambers,
Andrew & Peggy Cherng,4
Jacques D'Amours,
Ray Davis,4
Diao Zhizhong,
Michael Federmann & family,
William Fisher,3
Bernard Fraisse,
Fabricio Garcia,3
Flavia Bittar Garcia Faleiros,
Gordon Getty,3
Philippe Ginestet & family,
Gong Yingying,3
Lutz Mario Helmig,
Ilkka Herlin,
Arthur Xiaobo Hong,
Hong Feng,4
Huang Shih Tsai,
Jiang Yehua & family,
Keeree Kanjanapas,
Alexander Karp,3
Bruce Karsh,3
Mustafa Kucuk,
Dominika Kulczyk,4
Philippe Laffont,4
Henry Laufer,3
Frank Laukien,5
Mark Leonard & family,4
Li Wanqiang,
Li Weiwei,
Lin Chen-hai,
Lin Yinsun,4
Liu Zhongtian & family,3
Daniel Lubetzky,3
Prayudh Mahagitsiri,
Igor Makarov,3
Kishore Mariwala,3
Howard Marks,3
Katarina Martinson,
Vincent McMahon,3
David Murdock,0
Vikas Oberoi,3
Erik Paulsson & family,
Roger Penske,2
Florentino Perez,
Phil Ruffin,2
Richard Sands,5
Robert Sands,4
Dieter Schnabel,
Christiane Schoeller,
Jeffrey Talpins,3
Timur Turlov,3
Sandro Veronesi & family,3
Wang Chou-hsiong,4
Wang Minwen,
Weng Xianding,
Michael Xie,4
Yuan Fugen & family,
Zhao Fenggang,
Zhou Zongwen & family,
S. Daniel Abraham,1
Isak Andic & family,
Roberto Angelini Rossi,3
Masaaki Arai,
George Argyros & family,3
Pavel Baudis,
Anne Beaufour,
Henri Beaufour,
Brett Blundy,
J. Hyatt Brown,3
Dai Wenjun,
Sol Daurella,
John de Mol,
Dou Zhenggang,
Glenn Dubin,3
John Elkann,3
Ibrahim Erdemoglu,
Andy Fang,3
Fang Hongbo,
Kenneth Feld & family,3
Walter Frey,3
Yasuhiro Fukushima,3
Dennis Gillings,
Sam Goi,
Bahaa Hariri,3
Ilona Herlin,
Jeffery Hildebrand,3
J. Tomilson Hill,4
Orion Hindawi,2
Reid Hoffman,4
Hou Juncheng,
W. Herbert Hunt,
George Joseph,3
Ke Yunfeng & family,
Sergei Kolesnikov,4
Thomas Lee,3
Peter Leibinger,
Regine Leibinger,
Nicola Leibinger-Kammueller,
Solomon Lew,
Li Yong,
Liu Yachao,
Jeffrey Lorberbaum,3
Jed McCaleb,
Craig McCaw,3
Miao Yongjun,
Robert Miller,3
Charles Munger,5
David Nahmad,
Jonathan Nelson,3
Pierre Karl Péladeau,
Kevin Plank,4
Alberto Prada,
Marina Prada,
Mahendra Prasad,
Jennifer Pritzker,3
Linda Pritzker,
"Joe Rogers, Jr.",
Igor Rybakov,4
Sathien Setthasit,
Mikhail Shelkov,4
Shen Xiqiang & family,
Thaksin Shinawatra,4
Martua Sitorus,
Sylvia Stroeher,
Alexander Svetakov,3
Stanley Tang,3
Tang Xiuguo,3
Alain Taravella,
Wichai Thongtang,
Arvind Tiku,
Ha5i Ulukaya,
Georg von Opel,3
Wang Chaobin,
Wang Zhenghua,
Wei Ing-Chou,
Horst Wortmann,
Wu Junbao,
Wu Kai,5
Amy Wyss,3
Xue Xiangdong & family,3
Yan Zhi,4
William Young,3
Zhang Xuansong,
Noubar Afeyan,5
Aziz Akhannouch & family,4
Joao Alves de Queiroz Filho,3
Andrey Andreev,
Felix Baker,
Julian Baker,
Lee Bass,4
Andrey Blokh,
Josef Boquoi & family,
Nicola Bulgari,1
Chen Shiliang,
Chen Tei-fu,3
Chung Yong-jin,3
Thierry Cruanes,4
Benoit Dageville,3
Beda Diethelm,
James Dinan,4
Mark Dixon,
Bulent Eczacibasi,3
Fred Ehrsam,3
Francois Feuillet,
Robert Fisher,3
"William Foley, II.",
Gao Yi & family,
Gao Yu,3
Sanjiv Goenka,3
Surjit Kumar Gupta,
Yusuf Hamied,5
Shmuel Harlap,
Bill Haslam,3
Roberto Hernandez Ramirez,3
Huang Jiangji,
Stanley Hubbard,3
Arthur Irving,
Hamilton James,3
Jiang Zhaobai,
Ke Jinlong & family,
Ke Kangbao & family,
Michael Kim,4
Ipek Kirac,
Kurt Krieger,
Christopher Kwok,3
Edward Kwok,
Alexis Lê-Quôc,
Li Guangyu,4
Li Hongjing,
Li Jiaquan,
Li Min,
Lin Dingqiang & family,
Louise Lindh,
Yusaku Maezawa,
Anand Mahindra,3
Willy Michel,
Lachhman Das Mittal,3
Ermirio Pereira de Moraes,3
Maria Helena Moraes Scripilliti,1
Stefan Olsson,
Peng Yongdong,
Olivier Pomel,4
Larry Robbins,3
Brian Roberts,3
Christopher Rokos,3
S.D. Shibulal,
Evgeny (Eugene) Shvidler,
Frank Slootman,3
Sergio Stevanato,4
Kevin Systrom,3
Tan Lili,
David Teoh & family,
Patrizio Vinciarelli,5
Todd Wagner,3
Wan Long,
Wang Jian,
Wang Jilei,
Wang Junshi & family,
Wei Yin-Chun,
Wei Yin-Heng,
Stephen Winn,4
Gordon Wu,3
Yang Xuegang,
Yu Huijiao,
Zeng Kaitian,
Changpeng Zhao,
Zhu Xingliang,3
Zhu Yiwen & family,
Anita Zucker,3
Mohamed Al Fayed,
Leslie Alexander,3
Joachim Ante,
Roman Avdeev,3
Arun Bharat Ram,3
O. Francis Biondi,
John Bloor,
Vladimir Bogdanov,3
David Booth,3
Cai Mingtong,
Yvon Chouinard,
Jack Cockwell,
Kommer Damen,
D. Leopoldo Del Pino,
Jamie Dimon,4
Robert Duggan,2
Faruk Eczacibasi,
N. Murray Edwards,
Anthony Eisen,3
Ali Erdemoglu,
James France,3
Mario Gabelli,4
Reinold Geiger,4
Rolf Gerling,3
Ali Ghodsi,5
Carl Hansen,5
He Xinming family,
William Heinecke,
Brian Higgins,3
David Hindawi,
Drew Houston,3
Thomas James,4
Stephen Jarislowsky,3
Jin Huiming,
Willis Johnson,
Dmitry Kamenshchik,3
Ihor Kolomoyskyy,4
Marc Lasry,3
Lee Boo-jin,3
Lei Jufang,3
Wolfgang Leitner,
Li Rucheng,
Vincent Lo,3
Juan Lopez-Belmonte Lopez & family,
Lv Dalong,
Joao Roberto Marinho,
Jose Roberto Marinho,
Roberto Irineu Marinho,
Miao Shouliang,
Romano Minozzi,3
Nick Molnar,3
Oei Hong Leong,
Kazuo Okada,
John Oyler,3
Husnu Ozyegin,4
Tor Peterson,3
Jorge Pinheiro Koren de Lima,
Candido Pinheiro Koren de Lima Junior,
Pu Zhongjie & family,
Qin Long,
Alvaro Saieh Bendeck,
Glenn Sanford,
Leonard Schleifer,3
Shang Xiaobo & family,
Shi Wen-long,
Shi Yifeng,4
Sergei Studennikov,3
Sun Guangxin,4
Henry Swieca,4
Tan Yu Yeh,
Torbjorn Tornqvist,3
Martin Viessmann,2
Wang Lizhan,
Wei Lidong & family,3
Kanye West,2
Wu Bo,
Wu Kaiting,
Wu Xushun & family,
Xu Guozhong & family,
Yang Tingdong,
Zhang Xuexin & family,
Zhang Yubai,
Zhao Weiguo,
Chirayu Amin,3
Marc Andreessen,3
Vasily Anisimov,3
Sabrina Benetton,
Nicolas Berggruen,3
Alex Birkenstock,
Christian Birkenstock,
Henadiy Boholyubov,
Peter Buck,3
Saket Burman,3
Stewart Butterfield,4
Giuliana Caprotti,
Marina Caprotti,
R.G. Chandramogan,
Richard Chang,
Chao Teng-hsiung,
Chen Guoxiang & family,
Tony Chen,3
Chen Wenyuan & family,
Chen Xueling,
Cheng Xianfeng,
Daniel Chiu,
Ivan Chrenko,
Brunello Cucinelli & family,
Alexandra Daitch,
Henry Engelhardt,4
Philip Fayer,
David Feffer,4
Paul Foster,3
Bernd Freier,
Robert Friedland,3
Giammaria Giuliani,
G. Gnanalingam,4
Christopher Goldsbury,3
Said Gutseriev,3
Chang-Woo Han & family,
John Hancock,4
Patrick Hanrahan,3
Christoph Henkel,
Anurang Jain,4
Devendra Jain,3
Jia Tianjiang & family,
Eric Jing,
Chatchai Kaewbootta,
Sergei Katsiev,3
Kim Sang-yeol,3
Kagemasa Kozuki,3
Edward Lampert,3
Lee Joon-ho,5
Lee Seo-hyun,3
Jimmy John Liautaud,1
David Lichtenstein,
Bill Liu,
Lu Di,
Ma Xiuhui,
Sarah MacMillan,
Yves-Loic Martin,
Todd McKinnon,3
Shalom Meckenzie,1
Gary Michelson,5
Narendrakumar Parekh,
Jorge Perez,3
Markus Persson,
Nicholas Pritzker,3
Theodore Rachmat,3
Megdet Rahimkulov & family,3
Jerry Reinsdorf,3
Mochtar Riady & family,
Bianca Rinehart,
Ginia Rinehart,
Fernando Roig,
Sheryl Sandberg,4
Andres Santo Domingo,3
Ivan Savvidis,4
Shao Genhuo,5
Shao Qinxiang,
Rajju Shroff,3
Lucy Stitzer,
Djoko Susanto,
Peter Szulczewski,3
Vonnarat Tangkaravakoon,3
Ion Tiriac,
Robert Toennies,
Tung Ching Sai,
Pavel Tykac,4
Rufino Vigil Gonzalez,3
Wang Junmin,
Wang Yanqing & family,
Charlotte Colket Weber,3
Hope Welker,
Wu Ying,
Wu Yulan,
Xie Weitong,
Xu Xudong & family,
Yang Yunyun,
Ye Yanqiao,
Zeng Chaoyi,
Zhang Guiping & family,3
Faisal Bin Qassim Al Thani,
Patricia Angelini Rossi,
Lesley Bamberger,
William Boyd,
Bernhard Braun-Luedicke,
Eva Maria Braun-Luedicke,
Friederike Braun-Luedicke,
Amit Burman,4
Jean-Pierre Cayard,
Chen Kaichen,
Chen Qiongxiang,
Chen Xuehua,
Chen Yung-tai,3
Chen Zemin & family,
Ryan Cohen,
Norbert Dentressangle,
Mohammed Dewji,
Ding Lieming & family,5
Domenico Dolce,
Lisa Draexlmaier,
Alfredo Egydio Arruda Villela Filho,4
Daniel Feffer,4
Jorge Feffer,
Ruben Feffer,
Henrik Fisker,3
Miguel Fluxa Rossello,
Donald Foss,
Susumu Fujita,
Stefano Gabbana,3
Alexandre Grendene Bartelle,
Geeta Gupta-Fisker,5
Heikki Herlin,
Asok Kumar Hiranandani,
Niranjan Hiranandani,3
Ho Hung Anh,3
Huang Zhengcong,
"B. Wayne Hughes, Jr.",3
Jiang Yintai & family,
Michael Jordan,3
Ke Guihua,
Alexander Klyachin,3
William Koch,3
Sebastian Kulczyk,4
Robert Langer,3
Manuel Lao Hernandez,
Michael Lee-Chin,3
Li Li,3
Li Zhen & family,
Liang Yanfeng & family,
Jenny Lindén Urnes,
Liu Yingqi,
Catherine Lozick,
Gary Magness,2
Mao Lixiang & family,
David Mindus,4
Massimo Moratti,
Mario Moretti Polegato & family,
Ni Zugen,
Kentaro Ogawa,
Tomas Olivo Lopez,
Rubens Ometto Silveira Mello,3
Pan Gang,
Ajay Parekh,
David Paul,4
Nelson Peltz,2
Petro Poroshenko,3
G. Rajendran,
P.P. Reddy,
Francisco Jose Riberas Mera,
Juan Maria Riberas Mera,
Subhash Runwal,3
Deniz Sahenk,
Bhadresh Shah,3
Shen Hua & family,
Barry Silbert,
Leonid Simanovsky,3
Peter Sperling,3
Sun Weijie,3
Tang Jianfang,
Prachak Tangkaravakoon,
Clemens Toennies,
Tran Ba Duong & family,
Tseng Cheng,
Tung Ching Bor,
Shigefumi Wada,3
Wang Qinghua,
Wang Xuechao,
Wang Yiran,
Myron Wentz,
Ian Wood & family,
Wu Chaoqun,
Wu Yingming,
Xie Bingkun & family,
Xiu Laigui,
Yang Erzhu,3
Yang Lijuan,
Yao Kuizhang,
Yu Peidi,
David Zalik,2
Zhang Cheng Fei,
Zhang Keqiang,4
Zhang Shilong & family,
Zhang Xiaojuan,
Zhang Yuanlin,
Antti Aarnio-Wihuri,
Ha5i Akin & family,
"Herbert Allen, Jr. & family",3
Harindarpal Banga,
Ulrike Baro,
Alex Beard,4
Barbara Benetton,
Paolo Bulgari,
Ron Burkle,1
Ahmet Calik,
Steve Case,3
Safra Catz,5
Chen Baohua,3
Chen Xianbao & family,
Chen Xiaohui,4
Manas Chiaravanond,
Phongthep Chiaravanont,4
Prathip Chiravanond,
Alberto Cortina,5
Bharat Desai,3
Tim Draper,
John Farber,5
Gary Fegel,4
John Foley,3
Geng Diangen,4
Alan Gerry,0
Esther Grether,
Bill Gross,4
Sue Gross,3
Guo Ziwen,
Torstein Hagen,
Huang Wen Tsai,
Huang Wenbiao,
Huh Jae-myung,4
Ke Xiping & family,3
Kim Jun-ki,3
Seth Klarman,3
Pyotr Kondrashev,3
Raymond Kwok,4
Heikki Kyostila,
Arvind Lal,
Anthony Langley,
Christian Latouche,
Gary Lauder,4
James Leininger,3
Lin Zhijun,
Lin Zhixiong & family,
Vladimir Litvinenko,4
Liu Xiucai & family,
Lu Zongjun,
Duncan MacMillan,
Youssef Mansour,4
George Marcus,3
Strive Masiyiwa,3
Billy Joe (Red) McCombs,2
Lorinc Meszaros,
Jerry Moyes,
Marius Nacht,3
Ezra Nahmad,
Niti Osathanugrah,
Alberto Palatchi,
Sushilkumar Parekh,
Lirio Parisotto,
Mark Pincus,4
Michael Polsky,4
P.V.Krishna Reddy,
Prathap Reddy,
Satish Reddy,3
Ren Jinsheng & family,4
Helena Revoredo,3
Matthew Roszak,3
Vinod Saraf,4
Fayez Sarofim,4
Steven Schuurman,
Basudeo Singh,4
Ryan Smith,3
Peter Sondakh,
Sun Qinghuan,
Sun Yonghui,
Luc Tack,
Fernando Trajano,
August Troendle,5
Kenny Troutt,3
John Van Lieshout,1
Radha Vembu,3
Wang Huiwen,3
Wang Wenbiao,
Wang Yaohai,
Wang Zelong,
Wang Zhentao & family,
Wen Yilong,
Thomas Wu,3
Wu Zhenxing,
Xiang Guangming & family,
Xu Gang,
Xu Wanmao,
Jane Yan & family,3
Ye Cheng,
Yi Dasheng,
Yu Rong,
Yuan Zhimin & family,4
Zeng Chaolin,
Zhong Sheng Jian,
Zhou Jian,
Zhu Yiming,
Zhuang Kuilong & family,
Anu Aga,3
Farkhad Akhmedov,
Alberto Alcocer,5
Alexandra Andresen,
Katharina Andresen,
Mori Arkin,3
Clifford Asness,5
Nigel Austin,
Ziv Aviram,
Louis Bacon,4
Samuel Barata,
Angela Bennett,
Maurizio Billi,
Zadik Bino & family,1
Anna Maria Braun,
Johanna Braun,
Karl Friedrich Braun,
Cai Hao & family,
Binod Chaudhary,
Chen Liying,
Chen Qixing,
Chen Zhuolin,
Fernando Chico Pardo,4
Jean-Paul Clozel,
Jim Crane,3
Ana Lucia de Mattos Barretto Villela,
Darwin Deason,1
Sefik Yilmaz Dizdar,
James Duff,
Thomas Duff,3
Keith Dunleavy & family,3
Fang Zhancheng,
Lloyd Frink,3
Gao Yunfeng,4
Jayme Garfinkel,4
Balkrishan Goenka,
Jitse Groen,3
Mimi Haas,3
Richard Hayne,3
He Ningning,
He Yamin & family,
Timothy Headington,3
Christian Herz,
Michaela Herz,
Daniel Hirschfeld,
Francis Holder,
Hu Chengzhong,
Hu Gengxi & family,
Huang Hongyun & family,4
Huang Jian,
Huang Weibin,
Huang Xiaofen & family,
Archie Hwang,3
Jay-Z,
Johan Johannson,
Scott Kapnick,5
Sidney Kimmel,2
Christine Knauf,
Karl Knauf,
Andrei Kosogov,3
Guilherme Peirao Leal,3
Theodore Leonsis,
Li Denghai,
Liang Qin & family,
Liang Yaoming,
Liu Hua,
Liu Xuejing & family,
Anatoly Lomakin,3
Lu Rongfu,
Antonio Marcegaglia,3
Emma Marcegaglia,3
Ilson Mateus,
Terence (Terry) Matthews,5
Trevor Milton,2
Nirmal Minda,
Robert Mouawad,
Judith Neilson,
Kerr Neilson,3
Vadim Novinsky,3
John Ocampo,3
Jonathan Oringer,4
Andreas Pohl,
"Reinfried Pohl, Jr.",
Qi Jinxing,
Qian Jinghong,
Vito Rodriguez Rodriguez,
Oliver Samwer,3
Martin Selig,3
Airat Shaimiev,3
Amnon Shashua,
Nobutoshi Shimamura,
Michael Spencer,3
Edward Stack,3
Thomas Steyer,4
Tan Ruiqing,
Itaru Tanimura,
Sukanto Tanoto,
Alexander Tedja,
Jim Thompson,3
Jonathan Tisch,
Wilma Tisch,3
Gisele Trajano,
Jayshree Ullal,3
Vardis Vardinoyannis & family,
Sunny Varkey,
Wang Jianfeng & family,
Wang Junjin,
Wang Mingwang,4
Wang Xiaoshen,
Werner O. Weber,
Drorit Wertheim,
"Alfred West, Jr.",3
Wu Po Sum,
Xie Ketao,
Swift Xie,
Yu Guo,
"Richard Yuengling, Jr.",2
Clayton Zekelman,
Zheng Hong & family,
Shusheng Zheng,5
Zhuo Jun,
Inigo Zobel,
Sanjay Agarwal,3
Hamad bin Jassim bin Jaber Al Thani,
Nerio Alessandri,
Mika Anttonen,
Ryuji Arai,
Mehmet Aydinlar,
Achal Bakeri,4
Elena Baturina,3
Othman Benjelloun & family,3
Oleg Boyko,4
Ludwig Theodor Braun,
Ana Maria Brescia Cafferata,
Chris Britt,3
Rafal Brzoska,
Chuck Bundrant,2
Pradip Burman,3
Cao Xiaochun,
Chang Pyung-soon,3
Jeffrey Cheah,3
Vivien Chen,
Cheng Lili,
Cho Jung-ho,4
Cho Jyh-jer,
Chu Jian,
Eduard Chukhlebov,
Turgay Ciner,3
Tim Cook,4
Richard Desmond,
Du Shuanghua,
Egon Durban,3
Eduardo Eurnekian,
Fan Minhua,
Feng Chenhui,4
Feng Yi,
John Goff,3
Kenneth Hao,
Ayman Hariri,3
Michael Heine,
Eduardo Hochschild,3
Huang Dawen,
Huang Shan,
Jiang Ganjun,
Conni Jonsson,
Zbigniew Juroszek & family,
André Kasprzak,
Anna Kasprzak,
Peter Kelly,
Kim Nam-jung,3
Hemendra Kothari,3
Michael Krasny,3
Igor Kudryashkin,5
Bernard Lewis & family,
Li Tan,3
Liang Guangwei,
Liang Jiankun & family,
Liu Jilu & family,
Mangal Prabhat Lodha,
Brandt Louie,
Lu Hongyan,
Zhaoxi Lu,
Ma Renhe,
Deepak Mehta,3
Ulrike Meister,
Lidiya Mikhailova & family,
Alan Miller & family,
Martin Moller Nielsen,
Greg Mondre,
Yoshiko Mori,
Bob Muglia,3
George Alexander Muthoot,3
George Jacob Muthoot,3
George Thomas Muthoot,
Ranjan Pai,
Antonio Percassi,
Stefan Pierer,3
Qiu Minxiu,
Lily Safra,
Nobutada Saji,4
Thomas Sandell,4
Penny Sanford,
Ilya Scherbovich,4
Gerald Schwartz,4
Anatoly Sedykh,3
Radik Shaimiev,3
Shao Xiaofeng,
Shi Xu,
Shin Chang-jae,5
Ron Sim,
Jasminder Singh & family,
Jared Smith,3
Terry Snow,
Petter Stordalen & family,
Dirk Stroeer,
Satoshi Suzuki,
Tang Zhuang,3
Joop van den Ende,
Masaru Wasami,
Wei Shaojun,
Farris Wilks,1
Whitney Wolfe Herd,3
Wu Yonghua,
Xia Shudong,5
Xiong Jun & family,
Xu Guangfu & family,
Yang Keng,3
Luis Enrique Yarur Rey,4
Ye Qiongjiu,
Yeh Kuo-I,
Yu Bangping & family,
Yu Jinkun & family,
Patrick Zalupski,3
Zhang Gongyun,
Zhou Chengjian,4
Zhou Xiayun & family,
Zhu Tao,5
Aras Agalarov,3
Syed Mokhtar AlBukhary,0
Anant Asavabhokin,
Thomas Bailey,3
Shay Banon,
Sachin Bansal,3
Christian Bertermann,3
Cao Kejian,
Edouard Carmignac,
Chen Gang,
Chen Tianqiao,3
Henry Cheng,3
Cheng Wei,
Chey Ki-won,
Chua Thian Poh,
Ronald Clarke,3
Sandor Csanyi,
Diego Della Valle,
Deng Hui & family,5
Carl DeSantis,
Mathias Doepfner,
Aydin Dogan,
Marek Dospiva,
Wesley Edens,3
Wolfgang Egger,
Gabriel Escarrer,
Fan Zhaoxia & family,
Clement Fayat & family,
Gleb Fetisov,5
Benedicte Find,
J. Christopher Flowers,3
Dan Gertler,1
Premchand Godha,3
Lance Gokongwei,3
Lawrence Golub,4
Ryan Graves,3
Mehmet Nazif Gunal,
Stelios Haji-Ioannou,4
Alfredo Harp Helu & family,
Jaroslav Hascak,
Hong Seok-joh,4
Hu Xiaojun & family,
Huang Shanbing & family,
Huang Yimeng,
Jonas Kamprad,
Mathias Kamprad,
Peter Kamprad,
Eugene Kaspersky,3
Kim Dae-il,
Kim Jung-woong,3
Kazutoshi Kobayashi,
Masanori Kobayashi,
Takao Kobayashi,
Hakan Koc,3
Andrei Komarov,3
Koo Bon-joon,3
Koo Bon-neung,3
Koo Bon-sik,4
Kwek Leng Peck,
Joe Lacob,4
Guy Laliberté,
Lee Jay-hyun,3
Li Fengluan,
Lin Jie & family,
Liu Baolin,
Liu Gexin & family,5
Lou Guoqiang,
Lu Shenglin,
Lu Zhilin,
Frederic Luddy,2
Lun Ruixiang & family,
Alexander Lutsenko & family,
Bill Malhotra,3
Jorge Mas,4
Muneaki Masuda,3
Andrei Molchanov,4
Ulrich Mommert & family,
Taichiro Motoe,
Mou Jinxiang,
Udo Mueller,
Nguyen Dang Quang,
Simon Nixon,2
Liora Ofer,
Roberto Ongpin,4
Eren Ozmen,4
Fatih Ozmen,
Chamath Palihapitiya,3
Murdaya Poo,
G.V. Prasad,3
Michael Price,3
Qin Qingping & family,
Qiu Dongxu,
Rao Wei & family,5
Andrei Rappoport,3
Dani Reiss,3
Ren Zhengfei,
Duke Reyes,
Boris Rotenberg,3
Chris Sacca,3
Alexander Samwer,4
Marc Samwer,4
Hajime Satomi,
James Scapa,3
Albert Shigaboutdinov,3
Kavita Singhania,
Ronald Slabke,
Mike Speiser,4
Michael Steinhardt,3
Nik Storonsky,4
Sergei Sudarikov,4
Winarko Sulistyo,
Rustem Sulteev,3
Sam Tarascio,
Nutchamai Thanombooncharoen,3
Laurie Tisch,
Steven Tisch,
Robert Toll,3
Thomas Tull,
Thongma Vijitpongpun,
Thomas von Koch,
Wan Feng & family,
Wang Fuji,
Wang Jianyi,3
Wang Qunbin,3
Wang Ren-sheng,3
Wang Shumin,
Allan Wong,3
Wu Li-gann,3
Xiang Guangda,
Xiong Haitao,
Xu Guifen & family,
Yao Liangbo,
Yi Xianzhong & family,
Yu Xuefeng,
Yuan Jiandong & family,3
Alan Zekelman,4
Zhang Chuanwei & family,
Zhang Xi,4
Zhang Xuanning,
Zhao Dongping,
Zheng Jianjiang & family,
Zheng Xiaodong,
Zhou Minghua,3
Zhou Ruxin,4
Zhou Wen & family,
Zhou Yifeng & family,
Radhe Shyam Agarwal,3
Danna Azrieli,
Naomi Azrieli,
Sharon Azrieli,
Bai Houshan,
Binny Bansal,3
Eduardo Belmont Anderson,3
John Bicket,3
Sanjit Biswas,4
Lloyd Blankfein,3
Thomas Bruch,
Cai Hongbin,
Cao Jianwei,
Chen Jiancheng,4
Chen Jinshi & family,4
Chen Yuantai,
Cheng Antares,
Ron Corio,
Trudy Shan Dai,
Weili Dai,3
Henry Davis,3
Charles Dunstone,
Feng Yuxia,
Paul Fireman,
Richard Fortin,
Donald Friese,
Soichiro Fukutake,3
Antonio Gallardo Ballart,
Jorge Gallardo Ballart,
Gao Xingjiang,
Rahul Gautam,
Simona Giorgetta,
Anne Gittinger,3
Gaston Glock & family,
Radhe Shyam Goenka,3
David Golub,3
Guo Jianqiang,
Polys Haji-Ioannou,
Fahed Hariri,
Ho Kuang-chi,
Ming Hsieh,3
Hu Rongda & family,
Huang Qiaolong & family,
Mohammed Ibrahim,3
Hedda im Brahm-Droege,
Hiroshi Ishibashi,
Mitchell Jacobson,3
Jiang Xuefei & family,
Jin Lei & family,
Kenji Kasahara,3
Richard Kayne,3
Chang-soo Kim,3
Alexander Knauf,
Martin Knauf,
Robert Knauf,
Gennady Kozovoy,3
Eduard Kucera,
Lai Baosheng,
Lai Guogui & family,
Lam Lung On & family,
Michiel Le Roux,
Lee Ho-jin,4
Lee Joong-keun,5
Manfredi Lefebvre d'Ovidio,2
Nancy Lerner,5
Norma Lerner,
Randolph Lerner,3
Li Qiong,4
Li Wenmei & family,4
Lim Hariyanto Wijaya Sarwono,
Liu Shenghui,
Lou Boliang & family,
Low Tuck Kwong,
Lu Weiding,
Lv Yongxiang,
"Cargill MacMillan, III.",
John MacMillan,
Martha MacMillan,
William MacMillan,
Yasseen Mansour,3
John Martin,
Carsten Maschmeyer,
Bruce Mathieson,
John McConnell & family,
Takanori Nakamura,
Bruce Nordstrom,3
Madeleine Olsson Ericksson,
Ou Xueming,
Mats Paulsson & family,
Peng Hao,
"Ricardo Po, Sr. & family",
Forrest Preston,3
Enrico Preziosi,
Pu Shulin,
Qiu Lingyun,
Vera Rechulski Santo Domingo,
M.Satyanarayana Reddy,5
Ruan Hongxian & family,4
Chanchai Ruayrungruang,
Daisuke Sasaki,3
Jack Schuler,4
Neerja Sethi,3
Shin Dong-guk,
Edgar Sia II,
Michael S. Smith,2
Su Rubo,3
Sun Xishuang,
Sehat Sutardja,3
Susanto Suwarto,3
Tan Eng Kee,
Tan Yu Wei,
Yoshikazu Tanaka,
Hary Tanoesoedibjo,
Mehmet Sinan Tara,4
Shirou Terashita,3
Carl Thoma,3
Tseng Sing-ai,
Sunil Vachani,
Jan Van Geet,
Sekar Vembu,3
Wang Han,
Wang Jianliang,
Wang Kunxiao,
Wen Pengcheng & family,
Wen Yibo & family,3
Anne Werninghaus,
Dan Wilks,1
Wong Hei & family,
Wong Hong King,
Wu Chung-yi,3
Wu Eddie Yongming,
Eugene Wu,3
Wu Wei,
Xiao Guoqing,
George Yancopoulos,5
Yao Lisheng,4
Yu Faxiang,
Yuan Jinhua,3
Igor Yusufov,3
Zan Shengda,4
Zeng Huansha,
Zhang Xuewu,
Zhang Yuxiang & family,
Zhao Tongtong,
Tony Zhao,
Zhong Peifeng,
Zhou Ping & family,
Zhou Yahui,
Boris Zingarevich,4
Ahmet Nazif Zorlu,0
A. Jayson Adair,
Albert Avdolyan,4
Baiju Bhatt,3
"Wilbur 'Ed' Bosarge, Jr.",5
Ina Chan,
Chang Byung-gyu,3
Chung Mong-joon,5
Carmen Daurella Aguilera,
GT Dave,
Mukand Lal Dua,
Ramesh Kumar Dua,
Jose Elias,3
Larry Fink,4
Horst-Otto Gerberding,
Gim Seong-gon,3
Gou Yiqun,
Clelia Haji-Ioannou,
Hang Hong,
Ronnen Harary,3
David Harding,4
David Helgason,
Hou Jianbin,
Hur Young-in,3
Jiang Long,4
Morris Kahn,
Ashok Kajaria,3
T.S. Kalyanaraman,
Kim Kardashian West,
David Katzman,3
Bom Kim,3
Masatoshi Kumagai,"Drop Out, Osgoode Hall Law School"
Lev Kvetnoi,3
Vladimir Leschikov,3
Li Yinan,
Liu Qingfeng,
Jose Llado Fernandez-Urrutia,5
Kenneth Lo,
Ma Hong,
Sergei Makhlai,4
Rafique Malik,
Mao Huihua,
Michael McCain,
Mofatraj Munot,
Vitaly Orlov,3
George Pedersen,
David Penaloza Alanis,
Tyler Perry,
Maria Pinheiro,
Anton Rabie,3
Jorge Rodriguez Rodriguez,
Hartley Rogers,
Alan Rydge,
Shin Dong-joo,3
Scott Smith,
Zakhar Smushkin,4
Marco Squinzi,
Veronica Squinzi,4
Axel Stawski,
Manny Stul,1
Vlad Tenev,3
Rit Thirakomen,3
Tong Judy Wenhong,
Tsai Chi-jui,3
Surin Upatkoon,1
Ruben Vardanyan,4
Murat Vargi,
Vlad Vendrow & family,
Wang Qiangxiang,
Wang Wenjian,
J. Wayne Weaver,3
Sandy Weill,3
Xia Zhisheng & family,
Xu Jin,
Vadim Yakunin,3
Mark Haoyong Yang,
Yao Hsiao Tung,
Yu De-Chao,
Daniel Yong Zhang,
Zhang Yuqiang,
Zhao Meiguang,
Zhong Naixiong,
Zhou Wei family,